"Meta data ""Enhancing qPCR Detection of C. Las""",,,
All experiments were performed on a Bio Rad Opus 96 ,,,
BioRad qPCR machine number ,795BR04380,,
,,,
Thermocycling conditions ,Temperature ,duration,number of cycles
Denature,95 Celcius,5 minutes ,1
Denature,95 Celcius,10 seconds,39-49
Anneal/Extend ,58 Celcius ,30 seconds ,39-49
,,,
"Water used in qPCR experiments was prepared with diethylpyrocarbonate (DEPC) treated water. 1 mL DEPC was added to 5 L of double distilled water, stirred for 2-3 hours, then autoclaved for 3 hours.",,,
VWR DEPC Cat#,E174-25G,,
VWR DEPC lot #,23B2756551,,
,,,
Nucleic acid templates and primers ,ss or ds, 5'-3' template sequence,
CLas amplicon, ds, TCGAGCGCGTATGCGAATACGAGCGGCAGACGGGTGAGTAACGCGTAGGAATCTACCTTTTTCTACGGGATAACGC,
CLas FWD primer, ss, TCGAGCGCGTATGCGAATACG,
CLas RVR primer, ss,CTACCTTTTTCTACGGGATAACGC,
VIC CLas hydrolysis probe MGBNFQ, ss,VIC-AGACGGGTGAGTAACGCG-MGBNFQ,
cMDH amplicon (citrus MDH gene amplicon), ds, TTGCATGCAGGGACTGATAGTCAGCTCCCGGAAAGATTCACTTCAACACTTCAAGAAGCCTTGGGCTCATGAACATGAGCCTGTCAACAATC,
MDHf (forward primer), ss, TTGCATGCAGGGACTGATAG,
MDHr (reverse primer), ss,GAACATGAGCCTGTCAACAATC,
FAM-MDH p-MGBNFQ, ss, FAM-CACTTCAAGAAGCCTTGGGCTCA-MGBNFQ,
IS CLas-CLBV chimera (internal standard with HLB primers and CLBV probe region), ds, TCGAGCGCGTATGCGAATACGAGCGATAAGTTGTGGATCAAGAAGTACGAATCTACCTTTTTCTACGGGATAACGC,
FAM-CLBV p-MGBNFQ,ss, FAM-AAGTTGTGGATCAAGAAG-MGBNFQ,
IS CLas-SHK chimera (internal standard with CLas primers and SHK probe region), ds, TCGAGCGCGTATGCGAATACGAGCTCGTGAGTGCTGTGAGGGCACGTGGAATCTACCTTTTTCTACGGGATAACGC,
FAM-SHK p-MGBNFQÂ , ss, FAM-TGAGTGCTGTGAGGGCACGTGGCCT-MGBNFQ,
,,,
Figure ,1,,
Purpose of experiment,Imact of duplex qPCR reaction on 'Candidatus Liberibacter asiaticus' (CLas) detection,,
date/time of experiment ,20241018_154402,,
Polymerase mastermix ,Bio Rad iTaq Universal Probes Supermix ,,
Supermix lot ,64460703,,
F/R primers manufacturer,Integrated DNA Technologies ,,
CLas F primer lot,62866809,,
CLas R primer lot ,62866810,,
MDH F primer lot ,63032959,,
MDH R primer lot,63032960,,
COX F primer lot ,71767894,,
COX R primer lot ,71767856,,
HLB Hydrolysis probe manufacturer,Applied Biosystems ,,
MDH Hydrolysis probe manufacturer,Eurofins,,
COX probe manufacturer,Applied Biosystems ,,
Natural PCR plate ,Bio Rad low profile unskirted natural 96 well plate ,,
Natural PCR plate lot,B001350202,,
,,,
Figure ,2,,
Purpose of experiment,Design and impact of IS-SHK standard on CLas detection in duplex qPCR,,
date/time of experiment ,20240823_130053,,
Polymerase mastermix ,Bio Rad iTaq Universal Probes Supermix ,,
Supermix lot ,64588822,,
F/R primers manufacturer,Integrated DNA Technologies ,,
CLas F primer lot,62866809,,
CLas R primer lot ,62866810,,
CLas Hydrolysis probe manufacturer,Applied Biosystems,,
IS Hydrolysis probe manufacturer,Applied Biosystems ,,
Natural PCR plate ,Bio Rad low profile unskirted natural 96 well plate ,,
natural PCR plate lot,B001339830,,
,,,
Figure ,3,,
Purpose of experiment,Impact of CLBV amplicon concentration on IS-CLBV detection,,
date/time of experiment ,20240910_170157,,
Polymerase mastermix ,Bio Rad iTaq Universal Probes Supermix ,,
Supermix lot ,64588822,,
F/R primers manufacturer,Integrated DNA Technologies ,,
CLas F primer lot,71768356,,
CLas R primer lot ,71767893,,
CLBV F primer lot,72194473,,
CLBV R primer lot,72194474,,
CLas Hydrolysis probe manufacturer,Applied Biosystems ,,
IS Hydrolysis probe manufacturer,Applied biosystems ,,
Natural PCR plate ,Bio Rad low profile unskirted natural 96 well plate ,,
natural PCR plate lot,B001339830,,
,,,
Figure ,4,,
Purpose of experiment ,"Impact of IS-SHK, COX, and MDH standard on CLas target detection",,
date/time of experiment ,20241007_183358 ,,
Polymerase mastermix ,Bio Rad iTaq Universal Probes Supermix,,
Supermix lot ,64588822,,
F/R primers manufacturer,Integrated DNA Technologies ,,
CLas F primer lot ,71768356,,
CLas R primer lot ,71767893,,
MDH F primer lot ,63032959,,
MDH R primer lot,63032960,,
COX F primer lot ,71767894,,
COX R primer lot ,71767856,,
CLas Hydrolysis probe manufacturer,Applied biosystems ,,
MDH Hydrolysis probe manufacturer,Eurofins,,
COX probe manufacturer,Applied Biosystems ,,
Natural PCR plate ,Bio Rad low profile unskirted natural 96 well plate ,,
natural PCR plate lot,B001339830,,
,,,
Figure ,5,,
Purpose of experiment ,Modeling the impact of a DNA replication inhibitor on qPCR detection,,
,,,
Figure ,6,,
Purpose of experiment ,Impact on sample matrices on CLas detection using duplex qPCR,,
date/time of experiment ,20241014_161545,,
Polymerase mastermix ,Bio Rad iTaq Universal Probes Supermix,,
Supermix lot ,64588822,,
F/R primers manufacturer,Integrated DNA Technologies ,,
CLas F primer lot ,71768356,,
CLas R primer lot ,71767893,,
CLas Hydrolysis probe manufacturer,Applied biosystems ,,
IS Hydrolysis probe manufacturer,Applied biosystems ,,
Natural PCR plate ,Bio Rad low profile unskirted natural 96 well plate ,,
natural PCR plate lot,B001339830,,
,,,
Volumetric glassware used to perpare stocks of amplicon and internal standards ,,,
PYREX Class A 1000 mL volumetric flask Fisher Scientific Cat. # ,10 211G,,
Certification number for 1000 mL volumetric flask ,CP--04409,, QR.134.234.08,,
Glassco Class A 250 mL volumetric flask cat. #, QR.134.234.08,,
Batch number Glassco Class A 250 mL volumetric flask, 9.22,,
Glassco Class A 50 mL volumetric pipette cat. #,123.4P5.07,,
batch number Glassco Clas A 50 mL volumetric pipette,9.22,,
Glassco Class A 25 mL volumetric pipette cat. #,123.4Pl5.06,,
Batch number Glassco Class A 25 mL volumetric pipette cat. #,5.22,,
kimble  Class A 5 mL volumetric pipette cat. #,37002-5,,
,,,
ddPCR reagents and consumables  ,,,
All ddPCR reagents and consumables maufactured by BioRad Laboratories ,,,
ddPCR plate,BioRad ddPCR 96 well semi skirted,,
ddPCR plate lot #,64539782,,
DG8 Cartridges lot #,64539782,,
Pierceable foil seal lot #,102324,,
ddPCR Supermix for Probes lot #,64539072,,
2x ddPCR Buffer control for Probes lot #,6450784,,
,,,
Single stranded DNA binding proteins ,600201,,
E. coli ssb Agilent Technologies Cat. #,6459965,,
Batch number E. coli ssb Agilent Technologies,M0249S,,
RecA New England BioLabs Cat. #,10169888,,
Batch number RecA new England BioLabs ,M2401S,,
Extreme Thermostable Single Stranded Binding protein New England BioLabs cat. #,10209228,,
Batch number Extreme Thermostable Single Stranded Binding protein New England BioLabs ,M0300L,,
T4 gene 32 Protein New England BioLabs Cat. #,10182786,,
Batch number T4 gene 32 Protein New England BioLabs,,,
,,,
potential qPCR inhibitors tested ,Millipore Sigma ,,
Tannic acid Manufacturer,MKCT6008,,
Lot ,Millipore Sigma ,,
Hesperidin Manufacturer,287383,,
Lot ,Fisher scientific,,
Phenol Manufacturer,181527,,
Lot ,TCI,,
Lignin Manufacturer,E2LJE-DG,,
Lot ,Sigma Life Science ,,
Guanidinium hydrochloride Manufacturer,SLBS6307,,
Lot ,VWR,,
EDTA Manufacturer,2545C082,,
Lot ,Fisher scientific ,,
Glycerol manufacturer,GC230210BO,,
Lot ,,,
,,,
Amplicon order information ,Twist Bioscience ,,
Internal standard CLBV cassette Manufacturer,106357,,
Product number ,Twist Bioscience ,,
Internal standard SHK cassette Manufacturer,107450,,
Product number ,Twist Bioscience ,,
HLB amplicon manufacturer,106357,,
Product number ,,,
,,,
Dnase treatment ,4716728001,,
"Roche Dnase 1 recombinant, Rnase-free cat. #",,,
